iteration,loss_best,loss_mean,loss_min_current,sigma
0,243.92448003078783,5161.206869380229,243.92448003078783,0.27025938042599773
1,234.620902636979,inf,234.620902636979,0.2624844288973265
2,217.56757122174753,3149.0925778001406,217.56757122174753,0.30069089749150735
3,217.56757122174753,1883.3000802546792,220.1982539802902,0.34993311625262
4,217.56757122174753,1503.2128691154885,239.0722497994118,0.33298448365596617
5,217.56757122174753,1334.80784890515,218.54839538957603,0.32168579825124693
6,206.4845798224253,992.1074637838242,206.4845798224253,0.2770832179079414
7,158.06892363878643,685.2529863750854,158.06892363878643,0.24643314196441657
8,45.94502430478241,505.360877334723,45.94502430478241,0.22413999683278826
9,45.94502430478241,370.06061713167736,54.195908215566476,0.23328204929399007
10,45.94502430478241,322.4333790763839,59.124851324830594,0.2298691797606053
11,42.34401934408652,277.5509751412383,42.34401934408652,0.2504090273861837
12,40.468814062987676,272.7114065448875,40.468814062987676,0.2307841818956073
13,19.019846842254402,170.61127716963335,19.019846842254402,0.21327648245433295
14,9.415846839763919,171.0261918908356,9.415846839763919,0.21306560625484872
15,9.415846839763919,114.41603539495846,20.97427224905744,0.22896273469440592
16,9.415846839763919,94.82514528310135,20.571929003734816,0.21724285041698396
17,9.415846839763919,81.97899706382361,17.188250718447,0.2099289616451947
18,9.415846839763919,60.58192464300825,13.765799646769278,0.19926298286421493
19,7.784941236660888,49.42043566253521,7.784941236660888,0.18598138635538497
20,7.784941236660888,39.63639284781854,11.214263239108709,0.1760007195707339
21,6.332780340743726,73.79342718880312,6.332780340743726,0.16601932519210522
22,6.332780340743726,22.10000874580008,6.433419283787396,0.1468156241976509
23,3.214971522552233,15.72787271790538,3.214971522552233,0.12690757670385072
24,1.8300091142108954,11.734219013487323,1.8300091142108954,0.12410366883445131
25,1.8300091142108954,10.435776404504232,2.1800333973398978,0.10400263738551342
26,1.776495111122541,7.150105862607265,1.776495111122541,0.10336839183259744
27,1.0221209164756129,5.839323007368081,1.0221209164756129,0.10131676374746917
28,0.8817109982200879,4.783731106140388,0.8817109982200879,0.09315163899813214
29,0.3333770380837109,3.8486309668594965,0.3333770380837109,0.08832954362620146
30,0.3333770380837109,2.787386756739331,0.6505507478358901,0.07888956120487985
31,0.17417086954410266,1.984303312805234,0.17417086954410266,0.07958505034768482
32,0.17417086954410266,1.7153205976518726,0.43535916986672873,0.07217835418657387
33,0.17417086954410266,1.2867894702937233,0.3065661426945212,0.06737844164451205
34,0.17417086954410266,1.001161690268129,0.18411038577088767,0.05536994715302021
35,0.15094197701749934,0.7470591828723784,0.15094197701749934,0.05961639575699006
36,0.12604450942796142,0.6761819755070229,0.12604450942796142,0.05292620910504845
37,0.12604450942796142,0.5013863667683225,0.16791293431095156,0.048192802343881624
38,0.07166299653446906,0.3476468138978238,0.07166299653446906,0.04663757922446374
39,0.07166299653446906,0.26971409279636377,0.08400638476776656,0.047013466478916924
40,0.07166299653446906,0.26150624167623865,0.08196366610354922,0.04631592851782276
41,0.041318121174535705,0.18799031894550638,0.041318121174535705,0.03916824015610162
42,0.010779902437089817,0.13443785680613676,0.010779902437089817,0.0379617374216442
43,0.010779902437089817,0.12113705067631507,0.030705947568812064,0.036060064113747584
44,0.010779902437089817,0.0994910807986366,0.014716493857047652,0.03567539699556427
45,0.010779902437089817,0.0892536505522175,0.021994074340447867,0.03320982180247019
46,0.0106234233332696,0.06225074802381002,0.0106234233332696,0.03465233296465257
47,0.0106234233332696,0.055446378034413574,0.011513282114863799,0.031873598773966075
48,0.0106234233332696,0.044832996230229336,0.012796541905998993,0.029184029413357227
49,0.0106234233332696,0.037409642475724106,0.012190039436973166,0.0258812082020246
50,0.006139248464227975,0.0257536676684116,0.006139248464227975,0.02402667948767856
51,0.003994566047889947,0.01924385875697659,0.003994566047889947,0.02132704216190221
52,0.0025006980735344797,0.01298335702593878,0.0025006980735344797,0.020752307032099317
53,0.0024629149572295006,0.010883355231333453,0.0024629149572295006,0.018408583868313646
54,0.0012206142208714965,0.00958294858558343,0.0012206142208714965,0.016735418974598473
55,0.0008955732771642744,0.006822159951948237,0.0008955732771642744,0.016573397102563742
56,0.0008955732771642744,0.005544297270669176,0.0014750845913464872,0.01711835029488879
57,0.0008955732771642744,0.004627654827549641,0.001157259662823762,0.016475569358563508
58,0.0008955732771642744,0.0043882326692994056,0.0018534057635779533,0.014192162512297959
59,0.0005949945603251905,0.0032059538672153565,0.0005949945603251905,0.012437106117875222
60,0.0004907368415558722,0.002355318641215476,0.0004907368415558722,0.01194068931633736
61,0.00041064066860840853,0.0017594058855845062,0.00041064066860840853,0.010985837630855196
62,0.0003416619269227539,0.0014818827593705208,0.0003416619269227539,0.009821912007985245
63,0.0003416619269227539,0.0011802728533920614,0.0004592407580581437,0.009670742919069301
64,5.493536515110975e-05,0.0008472240850401036,5.493536515110975e-05,0.008751880779439603
65,5.493536515110975e-05,0.0007425327699349182,0.0002237811248839705,0.008745782695130218
66,5.493536515110975e-05,0.0006910765463414847,0.00024255293471142636,0.008006024209365402
67,5.493536515110975e-05,0.000478654965614993,9.516674323251095e-05,0.007155132810870397
68,5.493536515110975e-05,0.0003785671926575418,5.996813790787314e-05,0.00674722239214152
69,5.493536515110975e-05,0.00030512026542496074,0.00011991867093996689,0.00599565716970562
70,5.493536515110975e-05,0.0002396408066067579,7.89623490522473e-05,0.005878054317559497
71,4.959155490880107e-05,0.00021315443065240915,4.959155490880107e-05,0.005397416111684753
72,2.201773865451173e-05,0.00015115172271450204,2.201773865451173e-05,0.00491235903323255
73,2.201773865451173e-05,0.00013599873691759966,5.9429153369094934e-05,0.004099850121399772
74,2.201773865451173e-05,9.353478691412676e-05,2.2949536498728662e-05,0.00397715330427227
75,2.201773865451173e-05,7.689350466971945e-05,2.5775830767571506e-05,0.0036135081828665185
76,1.692610965875474e-05,7.23405532459509e-05,1.692610965875474e-05,0.003344876335282275
77,1.439768685962406e-05,6.130865020736564e-05,1.439768685962406e-05,0.0029469404144491606
78,1.439768685962406e-05,5.2495186901850846e-05,1.722430142692133e-05,0.002582540521294399
79,1.439768685962406e-05,4.161851497268998e-05,1.5168785841623844e-05,0.002279633435885625
80,7.3046385491437604e-06,3.7291544209949734e-05,7.3046385491437604e-06,0.0022144787412017356
81,7.3046385491437604e-06,3.306907403665349e-05,7.454414699736844e-06,0.0022454733324344797
82,7.3046385491437604e-06,3.9368727831394776e-05,8.748517542400691e-06,0.001942838585327278
83,3.859425127927807e-06,2.7289979231426288e-05,3.859425127927807e-06,0.0017800828869270972
84,2.8411858323806882e-06,2.8668472634336694e-05,2.8411858323806882e-06,0.001844315178890208
85,2.8411858323806882e-06,2.788240122551855e-05,3.0854614596620422e-06,0.0015812804874263684
86,2.8411858323806882e-06,2.2201102131056416e-05,4.508034985306608e-06,0.0014967121673937845
87,2.8411858323806882e-06,2.3738289076185026e-05,4.867061727864552e-06,0.0013658903321643297
88,2.8411858323806882e-06,2.178886900189525e-05,4.69955975823666e-06,0.0013240871289559356
89,2.8411858323806882e-06,1.7123187730057054e-05,3.001942731728491e-06,0.0015655466590179044
90,2.8411858323806882e-06,1.998218321151768e-05,4.6762346137541044e-06,0.0015067438666165258
91,2.8411858323806882e-06,2.3123471188384316e-05,3.317145553793921e-06,0.0014115714065818371
92,2.484897683174836e-06,1.828140458584926e-05,2.484897683174836e-06,0.001320566224011312
93,2.484897683174836e-06,1.9482757001334505e-05,5.023348384369797e-06,0.0012531744712162417
94,2.484897683174836e-06,1.91849608856387e-05,4.00572881176231e-06,0.00123000388167486
95,2.484897683174836e-06,1.6973875808261595e-05,5.230312416060201e-06,0.0011593662044704954
96,2.484897683174836e-06,1.5551555287416364e-05,2.744786970154678e-06,0.0010793710622474981
97,1.1798589341083243e-06,1.6277780931091e-05,1.1798589341083243e-06,0.000994777618096701
98,1.1798589341083243e-06,1.5137880386184577e-05,2.3393124877202354e-06,0.0007919512152941533
99,1.1798589341083243e-06,1.0976234093931225e-05,2.4263074429597964e-06,0.000658992888062206
100,1.1798589341083243e-06,9.190736135309407e-06,2.2382341491322677e-06,0.0006190549220593525
101,9.441892974138e-07,7.513809968635599e-06,9.441892974138e-07,0.0006174947657273366
102,9.441892974138e-07,9.403134601733144e-06,1.4149444833577718e-06,0.0005298112732844632
103,1.9432445341749371e-07,7.073388568450411e-06,1.9432445341749371e-07,0.00042918661535657014
104,1.9432445341749371e-07,6.068051237448913e-06,1.0242792214398833e-06,0.0004146659632090216
105,1.9432445341749371e-07,6.1029710256477186e-06,5.549236323787454e-07,0.0003614664199146835
106,1.9432445341749371e-07,5.141062094402571e-06,8.992281017583537e-07,0.00035019919477255603
107,1.9432445341749371e-07,4.42534456709609e-06,6.273857007244033e-07,0.0003395260361378745
108,1.9432445341749371e-07,4.575598866374264e-06,8.752534874645335e-07,0.00036935505833945407
109,1.9432445341749371e-07,4.477637381512523e-06,1.2870787902130587e-06,0.0003258762482259259
110,1.9432445341749371e-07,4.425958107994176e-06,4.881997508476843e-07,0.00030741924487234415
111,1.9432445341749371e-07,3.943415754470437e-06,6.975634416761523e-07,0.00026680833016308014
112,1.9432445341749371e-07,3.830965818885091e-06,1.0172824875809283e-06,0.0002471337353697576
113,1.9432445341749371e-07,3.7650423277924005e-06,5.704330625633247e-07,0.00021161844231038724
114,1.9432445341749371e-07,2.5496493848464753e-06,4.070894785712653e-07,0.0001926096418959447
115,1.9432445341749371e-07,2.827021056255319e-06,7.835992175131423e-07,0.00017275751925480183
116,1.9432445341749371e-07,2.487015560781458e-06,5.636999240721252e-07,0.00019957155502627234
117,1.9432445341749371e-07,2.8329308165453427e-06,3.784057529543361e-07,0.00019414860177788268
118,1.9432445341749371e-07,2.9443057433198304e-06,4.5370685164414226e-07,0.00020920281807386136
119,1.9432445341749371e-07,3.1067525192796097e-06,4.806038074178787e-07,0.00022841037902017754
120,1.9432445341749371e-07,3.179702101299142e-06,6.180025113877718e-07,0.00020358757024747075
121,1.9432445341749371e-07,3.6898109565086655e-06,9.953834148035412e-07,0.0001722857857443584
122,1.9432445341749371e-07,2.425293694656716e-06,4.113157956453506e-07,0.0001561699437010708
123,1.9432445341749371e-07,2.391247472566249e-06,3.9383608552157057e-07,0.00015050650047188077
124,1.9432445341749371e-07,2.072295106074762e-06,3.815139422158609e-07,0.0001372520308177025
125,1.9432445341749371e-07,2.136012573501489e-06,6.526389189076554e-07,0.00012931431789184615
126,1.9432445341749371e-07,1.7672891982911665e-06,3.880949073220563e-07,0.00013674857430979418
127,1.9432445341749371e-07,2.3346772141508155e-06,9.457984599947622e-07,0.00013885428189996368
128,1.9432445341749371e-07,1.9338508311506074e-06,4.799282820044937e-07,0.00012109636039611674
129,1.9432445341749371e-07,1.7524797986112617e-06,3.803211221509173e-07,0.00012060721998827745
130,1.9432445341749371e-07,1.6616890360410253e-06,3.518373237199057e-07,0.00012516593168397647
131,1.9432445341749371e-07,1.9897130714241486e-06,7.704851601175733e-07,0.00011083782775887453
132,1.9432445341749371e-07,1.5313853595699812e-06,3.488576876264915e-07,0.00011003599068614948
133,1.9432445341749371e-07,1.648625466046383e-06,3.104020382949102e-07,0.00010806578514074302
134,1.9432445341749371e-07,1.3659967905965686e-06,2.63525370414186e-07,9.570030235833345e-05
135,1.9432445341749371e-07,1.4008142206378693e-06,4.071728678667341e-07,8.334825578908237e-05
136,1.9432445341749371e-07,1.3133240754470421e-06,3.7748222325717506e-07,9.59616337129372e-05
137,1.9432445341749371e-07,1.496625676473684e-06,3.223634941207365e-07,0.00012081271650927961
138,1.9432445341749371e-07,1.634643138466174e-06,3.1464886696142e-07,0.00011262457841585171
139,1.9432445341749371e-07,1.6713076000840488e-06,3.5321290603462785e-07,0.00010446640848267306
140,1.9432445341749371e-07,1.470323365779791e-06,4.3432512697449965e-07,0.00010819680170425297
141,1.9432445341749371e-07,1.5690644684696054e-06,5.471676391977098e-07,9.627451256983095e-05
142,1.9432445341749371e-07,1.453932803876512e-06,3.6875113629264433e-07,8.88377564167103e-05
143,1.9432445341749371e-07,1.2527249296212517e-06,4.770995492009433e-07,9.720292353852367e-05
144,1.9432445341749371e-07,1.3985362658175405e-06,3.7266725705364934e-07,8.965109289807592e-05
145,1.9432445341749371e-07,1.531054850012481e-06,3.9235104232204776e-07,7.880773003032369e-05
146,1.9432445341749371e-07,1.2970819404856116e-06,3.300041964138245e-07,8.076978503289324e-05
147,1.9432445341749371e-07,1.2915606236418852e-06,2.981331679308141e-07,9.787196302303058e-05
148,1.9432445341749371e-07,1.442080732232398e-06,5.079376990124729e-07,0.00010061469410326694
149,1.9432445341749371e-07,1.466073798574996e-06,5.358379784325962e-07,8.99367421952691e-05
150,1.9432445341749371e-07,1.3415347318712635e-06,4.3001664629116476e-07,8.607916901636212e-05
151,1.9432445341749371e-07,1.26104287367923e-06,3.076481842612111e-07,8.101616390558723e-05
152,1.9432445341749371e-07,1.4037226779706201e-06,2.2001011501515677e-07,9.047349018571038e-05
153,1.9432445341749371e-07,1.4543977881942283e-06,2.101716507496576e-07,9.094374834671051e-05
154,1.9432445341749371e-07,1.363189802567888e-06,3.8899763410427113e-07,0.00010356244429171112
155,1.9432445341749371e-07,1.4655406981844976e-06,3.6919802326451645e-07,9.455135030281796e-05
156,1.9432445341749371e-07,1.3388089870147723e-06,4.901659416134407e-07,0.00010716257753104686
157,1.9432445341749371e-07,1.5826031139809515e-06,5.018917086374586e-07,0.00011113022014910442
158,1.9432445341749371e-07,1.720627012034015e-06,4.876030317291224e-07,0.00012114301477313399
159,1.9432445341749371e-07,1.7633890708523835e-06,3.348247243906144e-07,0.00010479738142170931
160,1.9432445341749371e-07,1.5520626078568966e-06,4.34454058506617e-07,0.00010213566190567052
161,1.9432445341749371e-07,1.357579351903837e-06,4.230892791667884e-07,9.635086123083373e-05
162,1.9432445341749371e-07,1.4701305933328967e-06,2.929062752343725e-07,9.779027330039811e-05
163,1.9432445341749371e-07,1.5310150928726785e-06,3.022594157187086e-07,9.88894909553728e-05
164,1.9432445341749371e-07,1.3046692398077652e-06,2.570654373812431e-07,8.763201711163412e-05
165,1.9432445341749371e-07,1.2579250751798554e-06,3.8064650631497443e-07,7.948541077770741e-05
166,1.9432445341749371e-07,1.064500998175788e-06,2.7589083906320866e-07,6.86574824419513e-05
167,1.9432445341749371e-07,1.121434695861012e-06,3.602113860523559e-07,6.008476855889355e-05
168,1.9432445341749371e-07,9.025339951662659e-07,3.862712265600976e-07,5.9973366020447936e-05
169,1.9432445341749371e-07,9.163359366226586e-07,3.2259633186981773e-07,5.1175412490771314e-05
170,1.9432445341749371e-07,9.70786221934361e-07,2.67166807788044e-07,4.834091217631069e-05
171,1.9432445341749371e-07,8.092823598460086e-07,3.308747409391799e-07,4.4386130832707276e-05
172,1.9432445341749371e-07,7.053466683970555e-07,2.6836973354704696e-07,4.0494651280586714e-05
173,1.9432445341749371e-07,7.153534356874047e-07,2.849904952029192e-07,3.73149338223603e-05
174,1.9432445341749371e-07,6.406006062675828e-07,2.415222866147815e-07,3.75541209987209e-05
175,1.9432445341749371e-07,6.854130430511419e-07,2.9677089763424647e-07,3.649693983799016e-05
176,1.9432445341749371e-07,6.375824382942596e-07,2.858631322766314e-07,3.402596184436381e-05
177,1.9432445341749371e-07,6.910008350402563e-07,2.3705805318741113e-07,3.0212632011175404e-05
178,1.9432445341749371e-07,5.941983933510642e-07,2.769320950335441e-07,3.199481444983529e-05
179,1.9432445341749371e-07,5.73495346500863e-07,2.6462261359938566e-07,2.9798093942276858e-05
180,1.9432445341749371e-07,5.7617821532574e-07,2.3673097793164288e-07,2.8621998991342963e-05
181,1.9432445341749371e-07,5.583144960041863e-07,2.5534268743854227e-07,2.8248071318350732e-05
182,1.9432445341749371e-07,5.689929173513519e-07,2.543513843988876e-07,2.6671762490286062e-05
183,1.9432445341749371e-07,5.411095297702672e-07,2.4328255854300096e-07,2.9311777677148787e-05
184,1.9432445341749371e-07,6.238862224350328e-07,2.9295460812761576e-07,2.732503290071574e-05
185,1.9432445341749371e-07,5.389724890392245e-07,2.511437919849868e-07,2.7629508808051663e-05
186,1.9432445341749371e-07,4.838778500015906e-07,2.0806847622623081e-07,2.7062738632489712e-05
187,1.9432445341749371e-07,5.14384284109326e-07,2.782630907915973e-07,2.4563623138303512e-05
188,1.9432445341749371e-07,5.023051339136942e-07,2.122436093543456e-07,2.2592389932200007e-05
189,1.9432445341749371e-07,4.771633433975353e-07,2.0473015283073437e-07,2.3163063257517536e-05
190,1.9432445341749371e-07,4.932267740542784e-07,2.0403664180435044e-07,2.296030620003625e-05
191,1.9432445341749371e-07,4.503195100369339e-07,2.1062926336412602e-07,2.353838132411819e-05
192,1.9432445341749371e-07,5.015328823532172e-07,2.4070482851357156e-07,2.210964113132222e-05
193,1.9432445341749371e-07,4.342051887462617e-07,2.209158314059323e-07,1.8801450030432968e-05
194,1.9432445341749371e-07,4.291702823167043e-07,2.0733224559421615e-07,2.0271187522735356e-05
195,1.9432445341749371e-07,4.047457818145972e-07,2.1047080167591048e-07,1.873383688103334e-05
196,1.9432445341749371e-07,4.651855414294914e-07,2.2606737992703074e-07,1.8637079973670852e-05
197,1.9432445341749371e-07,4.2436929327038796e-07,2.1194420973813521e-07,1.8493966754844127e-05
198,1.8817742031274065e-07,3.858963340874766e-07,1.8817742031274065e-07,1.703906414717803e-05
199,1.7214376946128596e-07,3.7234560728904853e-07,1.7214376946128596e-07,1.7046991445249997e-05
200,1.7214376946128596e-07,3.7725142338018713e-07,1.7843298749653513e-07,1.533182696847719e-05
201,1.7214376946128596e-07,3.582583154582153e-07,2.0054292271254326e-07,1.5949504331701366e-05
202,1.7214376946128596e-07,3.425349926899912e-07,2.0556545798910975e-07,1.485807909001183e-05
203,1.7214376946128596e-07,3.7065042597816954e-07,2.3457348596878091e-07,1.3863334111482146e-05
204,1.7214376946128596e-07,3.420331291792422e-07,2.0727738991865863e-07,1.4379509741142516e-05
205,1.7214376946128596e-07,3.376364106699725e-07,1.914766869504092e-07,1.287289061420663e-05
206,1.7214376946128596e-07,3.382052692657567e-07,1.933382964836028e-07,1.5178564295786955e-05
207,1.7214376946128596e-07,3.8465152439215446e-07,1.9149421248698673e-07,1.407941471148399e-05
208,1.7214376946128596e-07,3.5167668308133673e-07,2.1261582716647354e-07,1.3232641134214634e-05
209,1.7214376946128596e-07,3.482339516835964e-07,1.759695962277874e-07,1.162936309231302e-05
210,1.7214376946128596e-07,3.3303606112866645e-07,1.8707745574886303e-07,1.2329229467773454e-05
211,1.7214376946128596e-07,3.4756349677422803e-07,2.0816133350365362e-07,1.088773705912733e-05
212,1.7214376946128596e-07,3.1463713352053446e-07,1.910280058581293e-07,1.0971434534211658e-05
213,1.7214376946128596e-07,3.098745070673203e-07,2.0416178969639986e-07,1.0543045453533082e-05
214,1.7214376946128596e-07,3.0163701318031146e-07,1.7486490833107382e-07,1.0406045345133894e-05
215,1.7214376946128596e-07,2.867409764917284e-07,1.917615648494575e-07,1.0397742607002792e-05
216,1.7214376946128596e-07,2.9158715804555867e-07,1.81593271975089e-07,1.211152847050691e-05
217,1.7214376946128596e-07,3.0837407436479227e-07,1.7951339259525412e-07,1.0109977462981856e-05
218,1.7214376946128596e-07,2.8610620972813194e-07,1.8007383850715541e-07,9.962366256928136e-06
219,1.6876599318038643e-07,2.90289396183141e-07,1.6876599318038643e-07,8.673486368218415e-06
220,1.6876599318038643e-07,2.881074281901874e-07,1.9150083296892717e-07,8.142023933116227e-06
221,1.6876599318038643e-07,2.839839097390495e-07,1.8596563400308241e-07,7.2316520341635045e-06
222,1.6876599318038643e-07,2.4632524848300363e-07,1.7580361344471385e-07,6.01007096747815e-06
223,1.6679242165196229e-07,2.3678790515901939e-07,1.6679242165196229e-07,6.962228731806516e-06
224,1.6679242165196229e-07,2.5471818656086496e-07,1.7534729934709503e-07,6.451530461585569e-06
225,1.6679242165196229e-07,2.530039475345802e-07,1.7088701476097867e-07,5.928194305445911e-06
226,1.6387290280306388e-07,2.4070312555579675e-07,1.6387290280306388e-07,5.3310054644664075e-06
227,1.6387290280306388e-07,2.3550789698845165e-07,1.7717225553326443e-07,4.810271091434384e-06
228,1.6387290280306388e-07,2.2172777370599305e-07,1.7985651190599583e-07,4.740570082660132e-06
229,1.6387290280306388e-07,2.196614477512071e-07,1.7437130317432548e-07,4.259793639199784e-06
230,1.6387290280306388e-07,2.246674788608516e-07,1.7354723880202982e-07,4.470258832944704e-06
231,1.6387290280306388e-07,2.2380885258854733e-07,1.6943603320385137e-07,4.298651683114401e-06
232,1.6387290280306388e-07,2.1390957201106174e-07,1.7180045119857823e-07,3.71166046917791e-06
233,1.6387290280306388e-07,2.0577788230724537e-07,1.70338463334474e-07,3.1501873574243755e-06
234,1.6387290280306388e-07,2.1044319456819948e-07,1.663829927167626e-07,2.648820159226571e-06
235,1.6387290280306388e-07,1.9121367763830222e-07,1.6848347250686402e-07,2.6803276902043825e-06
236,1.6387290280306388e-07,2.0104351186489566e-07,1.6838506766703176e-07,2.4303823652762466e-06
237,1.6387290280306388e-07,1.957367559768386e-07,1.6821046244785975e-07,2.4233529566280724e-06
238,1.6387290280306388e-07,1.9111476856181753e-07,1.68027979086105e-07,2.69566609966819e-06
239,1.6387290280306388e-07,2.01665016312802e-07,1.6893574006360268e-07,2.913251465101188e-06
240,1.6387290280306388e-07,2.0750287532678158e-07,1.7083471171019937e-07,2.8113076288455572e-06
241,1.6387290280306388e-07,2.0427914730447582e-07,1.7003751118238597e-07,2.4874532064852734e-06
242,1.6387290280306388e-07,1.9628516593428457e-07,1.6985660700186145e-07,2.178914901362774e-06
243,1.6387290280306388e-07,1.913339045245266e-07,1.7109834971051896e-07,1.9215856398407844e-06
244,1.6387290280306388e-07,1.857713263220262e-07,1.6694999693811496e-07,1.8161073789878386e-06
245,1.6387290280306388e-07,1.9122283084982427e-07,1.6760865584330986e-07,1.8510951336987598e-06
246,1.6387290280306388e-07,1.8597010818410808e-07,1.671140488213041e-07,1.6659729454973545e-06
247,1.6387290280306388e-07,1.8555887066895592e-07,1.6597889285208112e-07,1.6588135685472195e-06
248,1.6387290280306388e-07,1.8475473673618125e-07,1.6846930783742664e-07,1.4043415785031677e-06
249,1.6387290280306388e-07,1.8039064201502696e-07,1.6483754805562967e-07,1.2160391603434035e-06
250,1.6387290280306388e-07,1.7962802346005446e-07,1.6715911321796284e-07,1.1515058545442606e-06
251,1.6387290280306388e-07,1.8014175267921928e-07,1.6612631803525346e-07,1.2660601116918723e-06
252,1.6387290280306388e-07,1.8094932652701345e-07,1.661747006664882e-07,1.1578899374284913e-06
253,1.6387290280306388e-07,1.7982087353374253e-07,1.6608901809433974e-07,1.0641240411735947e-06
254,1.6387290280306388e-07,1.7838749400311826e-07,1.6703091532122016e-07,1e-06
255,1.6387290280306388e-07,1.7563841293366521e-07,1.6607296693393891e-07,1e-06
256,1.6387290280306388e-07,1.784831794182651e-07,1.669917466529114e-07,1e-06
257,1.6387290280306388e-07,1.8020831532794545e-07,1.6610325204169385e-07,1.0083524382403731e-06
258,1.6387290280306388e-07,1.7866190216153655e-07,1.6513314626820375e-07,1e-06
259,1.6387290280306388e-07,1.8065508569975463e-07,1.6786336409779778e-07,1.0526212359735269e-06
260,1.6387290280306388e-07,1.781091666686052e-07,1.6616512787948068e-07,1e-06
261,1.6387290280306388e-07,1.7549930593219186e-07,1.6640773381482177e-07,1e-06
262,1.6387290280306388e-07,1.7546845953120283e-07,1.651846268657664e-07,1.0178175201489565e-06
263,1.6387290280306388e-07,1.765226848604584e-07,1.6533635260884694e-07,1.0237820727914655e-06
264,1.6387290280306388e-07,1.7798605806973454e-07,1.6690094994942228e-07,1e-06
265,1.6387290280306388e-07,1.7711512629858816e-07,1.6621187981513685e-07,1e-06
266,1.6387290280306388e-07,1.7693363265181007e-07,1.6657797274888253e-07,1e-06
267,1.6387290280306388e-07,1.7693402817542392e-07,1.6665767432755274e-07,1.03410825031077e-06
268,1.6387290280306388e-07,1.774760780648421e-07,1.6623718046560043e-07,1.1186132440327469e-06
269,1.6387290280306388e-07,1.797318110519086e-07,1.667004667638139e-07,1e-06
270,1.6387290280306388e-07,1.7743341718556848e-07,1.6630445287546536e-07,1e-06
271,1.6387290280306388e-07,1.7737777017856614e-07,1.6591926055298245e-07,1.041204271083572e-06
272,1.6387290280306388e-07,1.7626717973229234e-07,1.6558561277690842e-07,1e-06
273,1.6387290280306388e-07,1.754329417380518e-07,1.656181591869199e-07,1e-06
274,1.6387290280306388e-07,1.767190664025975e-07,1.6630093035985283e-07,1e-06
275,1.6387290280306388e-07,1.779393093315207e-07,1.6647084599696882e-07,1e-06
276,1.6387290280306388e-07,1.7759142973972074e-07,1.645133664851528e-07,1e-06
277,1.6387290280306388e-07,1.7814769442736633e-07,1.6632558796914054e-07,1e-06
278,1.6387290280306388e-07,1.7595488330357511e-07,1.655431596248036e-07,1e-06
279,1.6387290280306388e-07,1.7647243257812307e-07,1.6520101731032355e-07,1e-06
280,1.6387290280306388e-07,1.7635712040942053e-07,1.661147965847931e-07,1.0056447235256929e-06
281,1.6387290280306388e-07,1.773687679929026e-07,1.6599107155457204e-07,1.0449524060186412e-06
282,1.6387290280306388e-07,1.7545977023303295e-07,1.6476250763730604e-07,1e-06
283,1.6387290280306388e-07,1.7843486546098575e-07,1.682169479266804e-07,1e-06
284,1.6387290280306388e-07,1.7661136695323875e-07,1.6603680030868873e-07,1e-06
285,1.6387290280306388e-07,1.758466400758607e-07,1.662874620222965e-07,1.0184434977910737e-06
286,1.6387290280306388e-07,1.759662590572475e-07,1.659344928128803e-07,1.0680374047163196e-06
287,1.6387290280306388e-07,1.7727684582524715e-07,1.6507314271052564e-07,1.1659986324097e-06
288,1.6387290280306388e-07,1.7843582888588117e-07,1.653123877787266e-07,1.1700937086577146e-06
289,1.6387290280306388e-07,1.799090168574935e-07,1.6510037070815997e-07,1.1477416442644635e-06
290,1.6387290280306388e-07,1.8064840126896797e-07,1.660864423769226e-07,1.1423714321033732e-06
291,1.6387290280306388e-07,1.774390464248654e-07,1.6448982442796023e-07,1.035331327454389e-06
292,1.6387290280306388e-07,1.7775375042106133e-07,1.6573576111511557e-07,1e-06
293,1.6387290280306388e-07,1.76159441949153e-07,1.659349120330944e-07,1e-06
294,1.6387290280306388e-07,1.7613962306484153e-07,1.6560776749940942e-07,1e-06
295,1.6387290280306388e-07,1.778045369604797e-07,1.6777572575676913e-07,1e-06
296,1.6387290280306388e-07,1.7747274760893106e-07,1.6649014966674258e-07,1e-06
297,1.6387290280306388e-07,1.7603618232442386e-07,1.6478776032613496e-07,1e-06
298,1.6387290280306388e-07,1.7748250787263943e-07,1.6497058830111655e-07,1e-06
299,1.6387290280306388e-07,1.7652967191139623e-07,1.6674305136632483e-07,1e-06
300,1.6387290280306388e-07,1.7796225186827997e-07,1.6554094450782486e-07,1e-06
301,1.6387290280306388e-07,1.7811524632094234e-07,1.6526831458918423e-07,1.0188960292729022e-06
302,1.6387290280306388e-07,1.7717267851935504e-07,1.6609433117764638e-07,1e-06
303,1.6387290280306388e-07,1.773089074674772e-07,1.6742711217432316e-07,1e-06
304,1.6387290280306388e-07,1.7607732470281689e-07,1.6653573808866895e-07,1.0485574184071278e-06
305,1.6387290280306388e-07,1.7940132455152024e-07,1.691720044050271e-07,1.0192846332136384e-06
306,1.6387290280306388e-07,1.7761454156328683e-07,1.6631875787709305e-07,1e-06
307,1.6387290280306388e-07,1.7567465512513536e-07,1.653127128520282e-07,1e-06
308,1.6387290280306388e-07,1.7605909697238075e-07,1.6509252631635718e-07,1e-06
309,1.6387290280306388e-07,1.7616574425005637e-07,1.668033782209477e-07,1e-06
310,1.6387290280306388e-07,1.7672833990900471e-07,1.6669120839196694e-07,1e-06
311,1.6387290280306388e-07,1.772936889921084e-07,1.66590599093297e-07,1.0066726285094804e-06
312,1.6387290280306388e-07,1.7771350716344614e-07,1.6594985652318428e-07,1.0218436658839481e-06
313,1.6387290280306388e-07,1.7542881813881195e-07,1.6510222877741398e-07,1e-06
314,1.6387290280306388e-07,1.7730021003359298e-07,1.654425663133452e-07,1e-06
315,1.6387290280306388e-07,1.7543968411359856e-07,1.6653024204060785e-07,1e-06
316,1.6387290280306388e-07,1.7753924360874862e-07,1.65438851951194e-07,1e-06
317,1.6387290280306388e-07,1.7642189831690302e-07,1.657683679212596e-07,1e-06
318,1.6387290280306388e-07,1.7485112774551226e-07,1.6584446882461634e-07,1e-06
319,1.6387290280306388e-07,1.7474565815689403e-07,1.651306149597076e-07,1e-06
320,1.6387290280306388e-07,1.7711676317588853e-07,1.6766783694777132e-07,1e-06
321,1.6387290280306388e-07,1.7696947768541804e-07,1.6640043298821183e-07,1e-06
322,1.6387290280306388e-07,1.7630420217074062e-07,1.6522938039997825e-07,1e-06
323,1.6387290280306388e-07,1.7844423094715012e-07,1.67138129114619e-07,1e-06
324,1.6387290280306388e-07,1.7719421819606395e-07,1.6576551153946184e-07,1e-06
325,1.6387290280306388e-07,1.7875565333724808e-07,1.662447672856615e-07,1e-06
326,1.6387290280306388e-07,1.770983564952644e-07,1.647976990426514e-07,1e-06
327,1.6387290280306388e-07,1.7594472204507383e-07,1.650535601527281e-07,1e-06
328,1.6387290280306388e-07,1.7778594656903125e-07,1.6600786523213173e-07,1.0257516006279002e-06
329,1.6387290280306388e-07,1.7687540399435874e-07,1.6808050951055975e-07,1e-06
330,1.6387290280306388e-07,1.7780500932929044e-07,1.665241224912961e-07,1e-06
331,1.6387290280306388e-07,1.7798859889950335e-07,1.6579325290422275e-07,1.0307815079198785e-06
332,1.6387290280306388e-07,1.7757381673533246e-07,1.6566793448191675e-07,1e-06
333,1.6387290280306388e-07,1.7873422635261705e-07,1.6443653372277822e-07,1e-06
334,1.6387290280306388e-07,1.754967529521423e-07,1.6540652403307377e-07,1e-06
335,1.6387290280306388e-07,1.7474989192578504e-07,1.661331232583052e-07,1e-06
336,1.6387290280306388e-07,1.7650864332807715e-07,1.6666422553157645e-07,1e-06
337,1.6387290280306388e-07,1.759696110070763e-07,1.6560642457363883e-07,1e-06
338,1.6387290280306388e-07,1.7546449630145843e-07,1.663888991032536e-07,1e-06
339,1.6387290280306388e-07,1.7608111871680876e-07,1.6477631881173238e-07,1e-06
340,1.6387290280306388e-07,1.7699772612900234e-07,1.6652649037496303e-07,1e-06
341,1.6387290280306388e-07,1.7719532269921955e-07,1.6599488539270624e-07,1e-06
342,1.6387290280306388e-07,1.767197203150772e-07,1.656036410224715e-07,1.0208596314879122e-06
343,1.6387290280306388e-07,1.7716787560573265e-07,1.651397667501442e-07,1e-06
344,1.6387290280306388e-07,1.7777657124184998e-07,1.6557731363775474e-07,1e-06
345,1.6387290280306388e-07,1.7636413748078895e-07,1.659869663939162e-07,1.0760322660302555e-06
346,1.6387290280306388e-07,1.7722825113253293e-07,1.6569199523530642e-07,1.079532203377755e-06
347,1.6387290280306388e-07,1.7653581597443234e-07,1.6510718126028223e-07,1e-06
348,1.6387290280306388e-07,1.7836208016319688e-07,1.663675153196209e-07,1.0682744613968517e-06
349,1.6387290280306388e-07,1.7838574329687162e-07,1.6539791580783003e-07,1.0718116655956585e-06
350,1.6387290280306388e-07,1.7759295289465627e-07,1.6598079355389928e-07,1.1017174226559157e-06
351,1.6387290280306388e-07,1.7670621350163173e-07,1.6714984774068853e-07,1.0634958072783778e-06
352,1.6387290280306388e-07,1.7786548724529895e-07,1.6520331236336006e-07,1e-06
353,1.6387290280306388e-07,1.7794812674054582e-07,1.6514147915813737e-07,1.008024703411143e-06
354,1.6387290280306388e-07,1.7715100604220878e-07,1.6686974113611086e-07,1e-06
355,1.6387290280306388e-07,1.7558659383354323e-07,1.6485836695778744e-07,1e-06
356,1.6387290280306388e-07,1.7555378306610692e-07,1.6505296862590058e-07,1e-06
357,1.6387290280306388e-07,1.7870896606098086e-07,1.6673353897544985e-07,1e-06
358,1.6387290280306388e-07,1.759829713421368e-07,1.6596289498238548e-07,1e-06
359,1.6387290280306388e-07,1.7753060955527643e-07,1.664078386198753e-07,1e-06
360,1.6387290280306388e-07,1.7843257182903471e-07,1.6537138769479043e-07,1.076780608248218e-06
361,1.6387290280306388e-07,1.7874739523193738e-07,1.654128691797041e-07,1e-06
362,1.6387290280306388e-07,1.7716569239212277e-07,1.6723266504925505e-07,1e-06
363,1.6387290280306388e-07,1.7544165388017063e-07,1.6490861476370355e-07,1e-06
364,1.6387290280306388e-07,1.7846774873930827e-07,1.6670767344351134e-07,1e-06
365,1.6387290280306388e-07,1.7702664948160418e-07,1.647134482141155e-07,1e-06
366,1.6387290280306388e-07,1.7599138885771026e-07,1.655473393924467e-07,1e-06
367,1.6387290280306388e-07,1.764532269277197e-07,1.6478332653946381e-07,1e-06
368,1.6387290280306388e-07,1.7716052209237886e-07,1.6600623453655317e-07,1e-06
369,1.6387290280306388e-07,1.763859267356338e-07,1.657061954318806e-07,1e-06
370,1.6387290280306388e-07,1.7760396168853275e-07,1.6493451227006517e-07,1.0414256443782772e-06
371,1.6387290280306388e-07,1.7694102353971174e-07,1.6529151025679312e-07,1.0222711554623877e-06
372,1.6387290280306388e-07,1.7763496458655937e-07,1.651410883596327e-07,1e-06
373,1.6387290280306388e-07,1.7846154250378278e-07,1.6706659877741004e-07,1.0181873002981011e-06
374,1.6387290280306388e-07,1.7532479478887808e-07,1.664695190584098e-07,1e-06
375,1.6387290280306388e-07,1.7776354813037187e-07,1.6605705965844209e-07,1e-06
376,1.6387290280306388e-07,1.7533262084867828e-07,1.6572986361040876e-07,1.070290453667689e-06
377,1.6387290280306388e-07,1.777927752755204e-07,1.6686389692210923e-07,1.0465692718164928e-06
378,1.6387290280306388e-07,1.7688248433955776e-07,1.6463915919473493e-07,1e-06
379,1.6387290280306388e-07,1.7676644436193102e-07,1.654129277994798e-07,1.028320732358737e-06
380,1.6387290280306388e-07,1.7763582466301386e-07,1.672442095923543e-07,1e-06
381,1.6387290280306388e-07,1.7532787516927328e-07,1.6536214708651187e-07,1e-06
382,1.6387290280306388e-07,1.793769597213668e-07,1.6594379559364825e-07,1.0844233103172778e-06
383,1.6387290280306388e-07,1.763449802183459e-07,1.6560530546883e-07,1e-06
384,1.6387290280306388e-07,1.764621282163148e-07,1.6539745217869495e-07,1e-06
385,1.6387290280306388e-07,1.7808830477861192e-07,1.6599305396880482e-07,1.0466778563294763e-06
386,1.6387290280306388e-07,1.7627117159690898e-07,1.6550411707783041e-07,1.0349891131375662e-06
387,1.6387290280306388e-07,1.7813859102489004e-07,1.6561597782072113e-07,1.0263723662006318e-06
388,1.6387290280306388e-07,1.7795272828635688e-07,1.6495768484503515e-07,1e-06
389,1.6387290280306388e-07,1.7758574863080412e-07,1.6708516881180913e-07,1e-06
390,1.6387290280306388e-07,1.7454396264326988e-07,1.6700351324061558e-07,1.0416535004604264e-06
391,1.6387290280306388e-07,1.770609989293348e-07,1.672016090026318e-07,1.0171905203388849e-06
392,1.6387290280306388e-07,1.7640618260372776e-07,1.6702731642226354e-07,1e-06
393,1.6387290280306388e-07,1.7570368523678326e-07,1.651867140850527e-07,1e-06
394,1.6387290280306388e-07,1.7736258811851257e-07,1.6508822930916267e-07,1.035194103329426e-06
395,1.6387290280306388e-07,1.774643482477245e-07,1.6700381344492143e-07,1e-06
396,1.6387290280306388e-07,1.7778756365771643e-07,1.6652676038120262e-07,1e-06
397,1.6387290280306388e-07,1.787679849130086e-07,1.6593220486527116e-07,1e-06
398,1.6387290280306388e-07,1.783145204825587e-07,1.6686645842867165e-07,1e-06
399,1.6387290280306388e-07,1.7644513370385084e-07,1.6634189670128308e-07,1e-06
400,1.6387290280306388e-07,1.7752208595567253e-07,1.6661473090096024e-07,1e-06
401,1.6387290280306388e-07,1.767500215166251e-07,1.6689751625165172e-07,1.0081984874223972e-06
402,1.6387290280306388e-07,1.7778003179813596e-07,1.6634996491404763e-07,1e-06
403,1.6387290280306388e-07,1.7711009416387925e-07,1.6571195438075392e-07,1e-06
404,1.6387290280306388e-07,1.7817070439463122e-07,1.6655597789849708e-07,1e-06
405,1.6387290280306388e-07,1.7599160351267074e-07,1.646100695751329e-07,1e-06
406,1.6387290280306388e-07,1.7720152612810124e-07,1.6542653114015593e-07,1.0108557893973065e-06
407,1.6387290280306388e-07,1.7666618990830329e-07,1.6568858463017477e-07,1.0004377746513713e-06
408,1.6387290280306388e-07,1.7510823841604405e-07,1.650475276449015e-07,1e-06
409,1.6387290280306388e-07,1.7744251948670353e-07,1.657470924953941e-07,1.1255753853035692e-06
410,1.6387290280306388e-07,1.7998446320888207e-07,1.6726289153723428e-07,1.2129951013992835e-06
411,1.6387290280306388e-07,1.8027359988792568e-07,1.651897534316049e-07,1.100845984031603e-06
412,1.6387290280306388e-07,1.7812864413713214e-07,1.6747923403670484e-07,1.1249989052878523e-06
413,1.6387290280306388e-07,1.7625692855460784e-07,1.6552001014247253e-07,1.0623562034722855e-06
414,1.6387290280306388e-07,1.7570771703390165e-07,1.6496459487314041e-07,1e-06
415,1.6387290280306388e-07,1.76575503019194e-07,1.6575078376490637e-07,1.059469750292648e-06
416,1.6387290280306388e-07,1.7659110504553155e-07,1.6649944534208316e-07,1.1537081443377804e-06
417,1.6387290280306388e-07,1.77956574312077e-07,1.6591638818397314e-07,1.157002807480897e-06
418,1.6387290280306388e-07,1.7931574522123129e-07,1.6528929513981439e-07,1.0217471363977817e-06
419,1.6387290280306388e-07,1.759290494263155e-07,1.65629407078427e-07,1.116279193974391e-06
420,1.6387290280306388e-07,1.7774587988128587e-07,1.6664634649998789e-07,1.120108820036085e-06
421,1.6387290280306388e-07,1.774121860975697e-07,1.6528890611766656e-07,1.131091806283984e-06
422,1.6387290280306388e-07,1.8144266356046046e-07,1.6539516956015632e-07,1.2401906945987366e-06
423,1.6387290280306388e-07,1.8292806135633556e-07,1.6626154497600965e-07,1.1820860547688653e-06
424,1.6387290280306388e-07,1.8169382631327835e-07,1.6794962220956222e-07,1.0345069694474945e-06
425,1.6387290280306388e-07,1.7668727060993207e-07,1.6577309125409556e-07,1.0669583870884409e-06
426,1.6387290280306388e-07,1.7663327611217028e-07,1.6586458961853623e-07,1.028401695200147e-06
427,1.6387290280306388e-07,1.7650579639649777e-07,1.6529552482325016e-07,1e-06
428,1.6387290280306388e-07,1.7641439558957473e-07,1.6524335677559066e-07,1.0520592871226778e-06
429,1.6387290280306388e-07,1.7769553732449593e-07,1.6441126327038091e-07,1.1039069025340744e-06
430,1.6387290280306388e-07,1.766951471182665e-07,1.6599371832626275e-07,1e-06
431,1.6387290280306388e-07,1.7750535651117617e-07,1.6537236646740894e-07,1e-06
432,1.6387290280306388e-07,1.7629775317828944e-07,1.665663038608045e-07,1.0457818450882474e-06
433,1.6387290280306388e-07,1.7744029165100983e-07,1.6521927115320523e-07,1e-06
434,1.6387290280306388e-07,1.7539953940826082e-07,1.6716601614064075e-07,1e-06
435,1.6387290280306388e-07,1.7637511071200151e-07,1.662550417336206e-07,1e-06
436,1.6387290280306388e-07,1.774594391790174e-07,1.66112519295325e-07,1.1392989874513733e-06
437,1.6387290280306388e-07,1.7815388552833156e-07,1.6660364998699606e-07,1.0807517768514852e-06
438,1.6387290280306388e-07,1.8007450691470695e-07,1.6580786876829734e-07,1.0369904460076377e-06
439,1.6387290280306388e-07,1.778041209377079e-07,1.657794772569332e-07,1e-06
440,1.6387290280306388e-07,1.7523615376546785e-07,1.6478440656442217e-07,1.0433691556844406e-06
441,1.6387290280306388e-07,1.78370741217293e-07,1.6765818955377654e-07,1e-06
442,1.6387290280306388e-07,1.7755992715251523e-07,1.6657845591794285e-07,1e-06
443,1.6387290280306388e-07,1.7610709058146767e-07,1.650076502102138e-07,1e-06
444,1.6387290280306388e-07,1.7755530695495736e-07,1.669221045830227e-07,1e-06
445,1.6387290280306388e-07,1.7690132686709603e-07,1.663646518323958e-07,1e-06
446,1.6387290280306388e-07,1.766690848725716e-07,1.6497106258839267e-07,1e-06
447,1.6387290280306388e-07,1.7522004927883472e-07,1.6612509590174795e-07,1e-06
448,1.6387290280306388e-07,1.7811235053954988e-07,1.6562738913705743e-07,1e-06
449,1.6387290280306388e-07,1.7756108572797302e-07,1.6473875597000642e-07,1e-06
450,1.6387290280306388e-07,1.7688406821037005e-07,1.6521713597228427e-07,1.02240799426076e-06
451,1.6387290280306388e-07,1.7740416193845477e-07,1.651556953419231e-07,1e-06
452,1.6387290280306388e-07,1.7721663692071843e-07,1.6604174568612962e-07,1.0456765360534408e-06
453,1.6387290280306388e-07,1.7712896362098717e-07,1.6578501593755846e-07,1e-06
454,1.6387290280306388e-07,1.7734709903294288e-07,1.6575610750635406e-07,1e-06
455,1.6387290280306388e-07,1.7744606378045092e-07,1.6710895955895921e-07,1.0622584406916185e-06
456,1.6387290280306388e-07,1.7657105786383908e-07,1.6502926136752194e-07,1.0488111084612337e-06
457,1.6387290280306388e-07,1.7796832395333696e-07,1.6733701002635826e-07,1.0034963244497571e-06
458,1.6387290280306388e-07,1.7664067812006578e-07,1.6674867708843522e-07,1e-06
459,1.6387290280306388e-07,1.7553066872011414e-07,1.667479772038405e-07,1.015421323774078e-06
460,1.6387290280306388e-07,1.7533721941020985e-07,1.6576387551481275e-07,1e-06
461,1.6387290280306388e-07,1.7628822011062084e-07,1.6550210268917454e-07,1e-06
462,1.6387290280306388e-07,1.7679809740656083e-07,1.6598462515560186e-07,1e-06
463,1.6387290280306388e-07,1.7503114168704315e-07,1.6666644064855518e-07,1e-06
464,1.6387290280306388e-07,1.7668898063760708e-07,1.6580603379168224e-07,1e-06
465,1.6387290280306388e-07,1.7722080599469337e-07,1.6520061052460733e-07,1e-06
466,1.6387290280306388e-07,1.7660953663067858e-07,1.650061225433319e-07,1.0261774488781927e-06
467,1.6387290280306388e-07,1.777755231557876e-07,1.66069769491628e-07,1.028946856307476e-06
468,1.6387290280306388e-07,1.7810556649067166e-07,1.6476239217411148e-07,1e-06
469,1.6387290280306388e-07,1.7704421029662853e-07,1.6771416611049972e-07,1e-06
470,1.6387290280306388e-07,1.7684904680237423e-07,1.6623237009127934e-07,1e-06
471,1.6387290280306388e-07,1.7880514253221235e-07,1.656218824308553e-07,1e-06
472,1.6387290280306388e-07,1.7654703608371846e-07,1.6595149965326073e-07,1e-06
473,1.6387290280306388e-07,1.803457181992485e-07,1.6717612005834326e-07,1.0679563740079192e-06
474,1.6387290280306388e-07,1.7722092213290352e-07,1.6512326972417668e-07,1e-06
475,1.6387290280306388e-07,1.7617857302809626e-07,1.6636191801921996e-07,1.0471793901189138e-06
476,1.6387290280306388e-07,1.7560828933227412e-07,1.6548886172529365e-07,1.031371068787702e-06
477,1.6387290280306388e-07,1.7950021462098674e-07,1.6901292099191778e-07,1.0404909705703504e-06
478,1.6387290280306388e-07,1.7672053491679663e-07,1.6537852687292798e-07,1e-06
479,1.6387290280306388e-07,1.7665041401215831e-07,1.646902116902993e-07,1e-06
480,1.6387290280306388e-07,1.7811390495836577e-07,1.6561698501504907e-07,1e-06
481,1.6387290280306388e-07,1.775007005733187e-07,1.6534967883785612e-07,1e-06
482,1.6387290280306388e-07,1.7729112258280111e-07,1.6664271917932183e-07,1e-06
483,1.6387290280306388e-07,1.777378569300936e-07,1.6630331600708814e-07,1e-06
484,1.6387290280306388e-07,1.7594967857803567e-07,1.6522695922560615e-07,1e-06
485,1.6387290280306388e-07,1.7552037672174948e-07,1.652918335537379e-07,1e-06
486,1.6387290280306388e-07,1.7712544678971653e-07,1.6498037602730165e-07,1e-06
487,1.6387290280306388e-07,1.7720670562937359e-07,1.6587472018159133e-07,1e-06
488,1.6387290280306388e-07,1.747758349424089e-07,1.6588428231045782e-07,1.0386877270145975e-06
489,1.6387290280306388e-07,1.7735155282139204e-07,1.6576489336728173e-07,1e-06
490,1.6387290280306388e-07,1.7773266918652553e-07,1.6502616873026454e-07,1e-06
491,1.6387290280306388e-07,1.77857208818466e-07,1.6581593342834822e-07,1e-06
492,1.6387290280306388e-07,1.777329411112305e-07,1.663257620521108e-07,1.0620290685548737e-06
493,1.6387290280306388e-07,1.778686902298432e-07,1.6528234958457233e-07,1.1573501408660473e-06
494,1.6387290280306388e-07,1.7905960220332417e-07,1.6483299347669345e-07,1.2833355042535111e-06
495,1.6387290280306388e-07,1.8171242377462704e-07,1.6917230283297613e-07,1.1661719461867888e-06
496,1.6387290280306388e-07,1.787974933264991e-07,1.6671451419369987e-07,1.052220802963567e-06
497,1.6387290280306388e-07,1.802075207635312e-07,1.6536938751698926e-07,1e-06
498,1.6387290280306388e-07,1.7674672825762627e-07,1.658492276845891e-07,1e-06
499,1.6387290280306388e-07,1.7609269914231618e-07,1.6504593425281655e-07,1e-06
